用户兴趣类别,标签,用户ID(oid)
房产,热家居 创意家居 热门家居 装修 家居控家居设计 家居装饰 家居饰品 家居,2625738240
房产,家居DIY 分享生活 生活 文艺 家居控 家居设计 装饰 家居 家具 时尚,2647993557
房产,软装设计 家居搭配 摄影 家居生活 室内设计 装修设计 家居设计,3610784645
房产,设计师 设计案例 室内装修 创意家居 家居饰品 装修设计 室内设计 精装家居 室内装饰 家居设计,2817803880
房产,大家顾问 营销策划 房地产 哲学与历史 房地内参 建筑美学 读书 经济学,1948030305
房产,地产 读书,1364552715
房产,租房子 租房网 杭州单身公寓 滨江租房 杭州转租 杭州合租 杭州滨江租房 杭州下沙租房杭州租房 租房神父,2150941820
房产, 房产家居 八卦杂谈 视频电影 新闻热点 上海生活,5876465418
房产,家装家纺家居 酒店办公家具 绿色环保创意 住宅房产爱家 装修装璜装饰 时尚生活家居美丽爱情心情 80后90后爱生活 音乐电影听歌团购折扣优惠,1757597455
房产,投资 房产,3895107933
房产,财经 房地产 拆哥 楼市 棚改 北京,5827568512
房产, 爱唱歌 懒人 淘宝控 大叔控 外貌协会 时尚买手 模特 ,2142007155
房产,大家顾问 营销策划 房地产 哲学与历史 房地内参 建筑美学 读书 经济学 ,1948030305
房产, 地产 读书 ,1364552715
房产,装修效果图 装修设计 装修案例 家居装饰 装修创意 房子装修 创意家居 创意 装修 家居 ,2736539310
房产,软装公司 软装产品 配饰设计师 别墅设计 软装设计师 酒店设计 陈设设计 室内设计 软装配饰 ,3224567810
房产,摆设 室内设计师 室内设计 装修设计 家居 家居装饰 旅游 旅行 ,1998578220
房产,房产 家居摆设 设计师 装饰装修 装修 家居生活 家居设计 家居装饰 潮流 时尚 ,1920024743
房产,服装 环保主义 拒绝皮草与杀生 地产界 夜宵女王 高尔夫 下午茶咖 旅游 双子 车迷 ,1589041190
房产,家装建材 装修设计 家居搭配 家居设计 家居装饰 ,3677384951
房产, 真爱音乐 时尚 靓声 狮子座 K歌 潮人 房产 章毅 广东电台 ,1732782455
房产, 阅读 历史 房地产 象棋 新闻 音乐,1690692162
房产,家居装饰 爱生活 时尚家居 室内配饰设计 软装饰 软装修 室内陈设 室内设,2917137694
房产,你们 幽默 篮球 新闻 媒体 摄影 ,2001154905
房产, 家居生活 厨房餐厅 客厅卧室 美式风格 家居收纳 小户型装修设计 新房装修设计 家装设计效果图 创意家装 小夫妻装修设计 ,2543858012
房产,家居DIY 分享生活 生活 文艺 家居控 家居设计 装饰 家居 家具 时尚 ,2647993557
房产, 软装设计师 软装配饰 软装设计 工装设计 家装设计 装饰设计师 装饰设计 装饰 ,2143116435
房产, 南京 美国 杭州 房地产 厦门 北京 上海 广州 房产 法律 ,2791920043
房产,书籍 旅行 管理 公益 ,2091920732
